0,"Vivamus molestie felis eu orci ultricies, sit amet tempus nunc interdum. Pellentesque iaculis efficitur quam, ac vestibulum mauris hendrerit non-0","Curabitur egestas mollis vehicula. Suspendisse ultrices ipsum urna, quis fermentum erat elementum ac. Suspendisse lacinia, sem a sagittis tincidunt, sem arcu eleifend erat, at convallis justo nibh nec ipsum. Praesent commodo dui sed mi rutrum gravida. Quisque ac blandit urna. Nullam tristique sapien ante, vitae fringilla nibh consequat ut.",2013-12-10 11:17:5,77,1
1,"Lorem ipsum dolor sit amet, consectetur adipiscing elit-1","Proin fermentum turpis vel quam laoreet, vitae rhoncus sapien tincidunt. Cras eget enim eu velit imperdiet tincidunt vitae eget tortor. Sed sit amet venenatis magna, ac suscipit ex. Pellentesque sagittis augue magna, nec sodales mauris consectetur in. Integer nibh velit, efficitur ut eleifend eget, varius eu leo. Maecenas sollicitudin mauris ac ullamcorper sagittis. Ut interdum molestie auctor. Sed nec justo eget velit tincidunt placerat. Pellentesque porta hendrerit porttitor. Aenean blandit, arcu a cursus sodales, orci sem consequat purus, nec lobortis velit velit et odio. Quisque scelerisque hendrerit ex eu bibendum. Donec ligula dolor, sodales at urna ac, sagittis fringilla ligula. Ut quis ante a quam consectetur blandit vitae sed ex. ",2013-12-10 17:10:35,493,2
2,"Lorem ipsum dolor sit amet, consectetur adipiscing elit-2","Proin fermentum turpis vel quam laoreet, vitae rhoncus sapien tincidunt. Cras eget enim eu velit imperdiet tincidunt vitae eget tortor. Sed sit amet venenatis magna, ac suscipit ex. Pellentesque sagittis augue magna, nec sodales mauris consectetur in. Integer nibh velit, efficitur ut eleifend eget, varius eu leo. Maecenas sollicitudin mauris ac ullamcorper sagittis. Ut interdum molestie auctor. Sed nec justo eget velit tincidunt placerat. Pellentesque porta hendrerit porttitor. Aenean blandit, arcu a cursus sodales, orci sem consequat purus, nec lobortis velit velit et odio. Quisque scelerisque hendrerit ex eu bibendum. Donec ligula dolor, sodales at urna ac, sagittis fringilla ligula. Ut quis ante a quam consectetur blandit vitae sed ex. ",2013-12-10 9:31:35,225,5
3,"Lorem ipsum dolor sit amet, consectetur adipiscing elit-3","Curabitur egestas mollis vehicula. Suspendisse ultrices ipsum urna, quis fermentum erat elementum ac. Suspendisse lacinia, sem a sagittis tincidunt, sem arcu eleifend erat, at convallis justo nibh nec ipsum. Praesent commodo dui sed mi rutrum gravida. Quisque ac blandit urna. Nullam tristique sapien ante, vitae fringilla nibh consequat ut.",2013-12-10 21:26:48,406,3
4,"Lorem ipsum dolor sit amet, consectetur adipiscing elit-4","Proin fermentum turpis vel quam laoreet, vitae rhoncus sapien tincidunt. Cras eget enim eu velit imperdiet tincidunt vitae eget tortor. Sed sit amet venenatis magna, ac suscipit ex. Pellentesque sagittis augue magna, nec sodales mauris consectetur in. Integer nibh velit, efficitur ut eleifend eget, varius eu leo. Maecenas sollicitudin mauris ac ullamcorper sagittis. Ut interdum molestie auctor. Sed nec justo eget velit tincidunt placerat. Pellentesque porta hendrerit porttitor. Aenean blandit, arcu a cursus sodales, orci sem consequat purus, nec lobortis velit velit et odio. Quisque scelerisque hendrerit ex eu bibendum. Donec ligula dolor, sodales at urna ac, sagittis fringilla ligula. Ut quis ante a quam consectetur blandit vitae sed ex. ",2013-12-10 0:12:1,210,2
5,"Lorem ipsum dolor sit amet, consectetur adipiscing elit-5","Curabitur egestas mollis vehicula. Suspendisse ultrices ipsum urna, quis fermentum erat elementum ac. Suspendisse lacinia, sem a sagittis tincidunt, sem arcu eleifend erat, at convallis justo nibh nec ipsum. Praesent commodo dui sed mi rutrum gravida. Quisque ac blandit urna. Nullam tristique sapien ante, vitae fringilla nibh consequat ut.",2013-12-10 7:9:35,343,5
6,"Lorem ipsum dolor sit amet, consectetur adipiscing elit-6","Proin fermentum turpis vel quam laoreet, vitae rhoncus sapien tincidunt. Cras eget enim eu velit imperdiet tincidunt vitae eget tortor. Sed sit amet venenatis magna, ac suscipit ex. Pellentesque sagittis augue magna, nec sodales mauris consectetur in. Integer nibh velit, efficitur ut eleifend eget, varius eu leo. Maecenas sollicitudin mauris ac ullamcorper sagittis. Ut interdum molestie auctor. Sed nec justo eget velit tincidunt placerat. Pellentesque porta hendrerit porttitor. Aenean blandit, arcu a cursus sodales, orci sem consequat purus, nec lobortis velit velit et odio. Quisque scelerisque hendrerit ex eu bibendum. Donec ligula dolor, sodales at urna ac, sagittis fringilla ligula. Ut quis ante a quam consectetur blandit vitae sed ex. ",2013-12-10 21:43:0,115,3
7,"Vivamus molestie felis eu orci ultricies, sit amet tempus nunc interdum. Pellentesque iaculis efficitur quam, ac vestibulum mauris hendrerit non-7","Curabitur egestas mollis vehicula. Suspendisse ultrices ipsum urna, quis fermentum erat elementum ac. Suspendisse lacinia, sem a sagittis tincidunt, sem arcu eleifend erat, at convallis justo nibh nec ipsum. Praesent commodo dui sed mi rutrum gravida. Quisque ac blandit urna. Nullam tristique sapien ante, vitae fringilla nibh consequat ut.",2013-12-10 3:58:40,383,2
8,"Vivamus molestie felis eu orci ultricies, sit amet tempus nunc interdum. Pellentesque iaculis efficitur quam, ac vestibulum mauris hendrerit non-8","Proin fermentum turpis vel quam laoreet, vitae rhoncus sapien tincidunt. Cras eget enim eu velit imperdiet tincidunt vitae eget tortor. Sed sit amet venenatis magna, ac suscipit ex. Pellentesque sagittis augue magna, nec sodales mauris consectetur in. Integer nibh velit, efficitur ut eleifend eget, varius eu leo. Maecenas sollicitudin mauris ac ullamcorper sagittis. Ut interdum molestie auctor. Sed nec justo eget velit tincidunt placerat. Pellentesque porta hendrerit porttitor. Aenean blandit, arcu a cursus sodales, orci sem consequat purus, nec lobortis velit velit et odio. Quisque scelerisque hendrerit ex eu bibendum. Donec ligula dolor, sodales at urna ac, sagittis fringilla ligula. Ut quis ante a quam consectetur blandit vitae sed ex. ",2013-12-10 2:19:54,124,2
9,"Lorem ipsum dolor sit amet, consectetur adipiscing elit-9","Proin fermentum turpis vel quam laoreet, vitae rhoncus sapien tincidunt. Cras eget enim eu velit imperdiet tincidunt vitae eget tortor. Sed sit amet venenatis magna, ac suscipit ex. Pellentesque sagittis augue magna, nec sodales mauris consectetur in. Integer nibh velit, efficitur ut eleifend eget, varius eu leo. Maecenas sollicitudin mauris ac ullamcorper sagittis. Ut interdum molestie auctor. Sed nec justo eget velit tincidunt placerat. Pellentesque porta hendrerit porttitor. Aenean blandit, arcu a cursus sodales, orci sem consequat purus, nec lobortis velit velit et odio. Quisque scelerisque hendrerit ex eu bibendum. Donec ligula dolor, sodales at urna ac, sagittis fringilla ligula. Ut quis ante a quam consectetur blandit vitae sed ex. ",2013-12-10 14:16:2,164,4
10,Titulo-10,"Proin fermentum turpis vel quam laoreet, vitae rhoncus sapien tincidunt. Cras eget enim eu velit imperdiet tincidunt vitae eget tortor. Sed sit amet venenatis magna, ac suscipit ex. Pellentesque sagittis augue magna, nec sodales mauris consectetur in. Integer nibh velit, efficitur ut eleifend eget, varius eu leo. Maecenas sollicitudin mauris ac ullamcorper sagittis. Ut interdum molestie auctor. Sed nec justo eget velit tincidunt placerat. Pellentesque porta hendrerit porttitor. Aenean blandit, arcu a cursus sodales, orci sem consequat purus, nec lobortis velit velit et odio. Quisque scelerisque hendrerit ex eu bibendum. Donec ligula dolor, sodales at urna ac, sagittis fringilla ligula. Ut quis ante a quam consectetur blandit vitae sed ex. ",2013-12-10 22:25:26,235,3
11,"Vivamus molestie felis eu orci ultricies, sit amet tempus nunc interdum. Pellentesque iaculis efficitur quam, ac vestibulum mauris hendrerit non-11","Proin fermentum turpis vel quam laoreet, vitae rhoncus sapien tincidunt. Cras eget enim eu velit imperdiet tincidunt vitae eget tortor. Sed sit amet venenatis magna, ac suscipit ex. Pellentesque sagittis augue magna, nec sodales mauris consectetur in. Integer nibh velit, efficitur ut eleifend eget, varius eu leo. Maecenas sollicitudin mauris ac ullamcorper sagittis. Ut interdum molestie auctor. Sed nec justo eget velit tincidunt placerat. Pellentesque porta hendrerit porttitor. Aenean blandit, arcu a cursus sodales, orci sem consequat purus, nec lobortis velit velit et odio. Quisque scelerisque hendrerit ex eu bibendum. Donec ligula dolor, sodales at urna ac, sagittis fringilla ligula. Ut quis ante a quam consectetur blandit vitae sed ex. ",2013-12-10 18:4:17,261,4
12,"Lorem ipsum dolor sit amet, consectetur adipiscing elit-12","Proin fermentum turpis vel quam laoreet, vitae rhoncus sapien tincidunt. Cras eget enim eu velit imperdiet tincidunt vitae eget tortor. Sed sit amet venenatis magna, ac suscipit ex. Pellentesque sagittis augue magna, nec sodales mauris consectetur in. Integer nibh velit, efficitur ut eleifend eget, varius eu leo. Maecenas sollicitudin mauris ac ullamcorper sagittis. Ut interdum molestie auctor. Sed nec justo eget velit tincidunt placerat. Pellentesque porta hendrerit porttitor. Aenean blandit, arcu a cursus sodales, orci sem consequat purus, nec lobortis velit velit et odio. Quisque scelerisque hendrerit ex eu bibendum. Donec ligula dolor, sodales at urna ac, sagittis fringilla ligula. Ut quis ante a quam consectetur blandit vitae sed ex. ",2013-12-10 4:48:6,312,3
13,"Lorem ipsum dolor sit amet, consectetur adipiscing elit-13","Curabitur egestas mollis vehicula. Suspendisse ultrices ipsum urna, quis fermentum erat elementum ac. Suspendisse lacinia, sem a sagittis tincidunt, sem arcu eleifend erat, at convallis justo nibh nec ipsum. Praesent commodo dui sed mi rutrum gravida. Quisque ac blandit urna. Nullam tristique sapien ante, vitae fringilla nibh consequat ut.",2013-12-10 17:22:36,296,5
14,"Vivamus molestie felis eu orci ultricies, sit amet tempus nunc interdum. Pellentesque iaculis efficitur quam, ac vestibulum mauris hendrerit non-14","Curabitur egestas mollis vehicula. Suspendisse ultrices ipsum urna, quis fermentum erat elementum ac. Suspendisse lacinia, sem a sagittis tincidunt, sem arcu eleifend erat, at convallis justo nibh nec ipsum. Praesent commodo dui sed mi rutrum gravida. Quisque ac blandit urna. Nullam tristique sapien ante, vitae fringilla nibh consequat ut.",2013-12-10 10:0:23,317,3
15,Titulo-15,"Curabitur egestas mollis vehicula. Suspendisse ultrices ipsum urna, quis fermentum erat elementum ac. Suspendisse lacinia, sem a sagittis tincidunt, sem arcu eleifend erat, at convallis justo nibh nec ipsum. Praesent commodo dui sed mi rutrum gravida. Quisque ac blandit urna. Nullam tristique sapien ante, vitae fringilla nibh consequat ut.",2013-12-10 15:38:14,229,3
16,"Lorem ipsum dolor sit amet, consectetur adipiscing elit-16","Proin fermentum turpis vel quam laoreet, vitae rhoncus sapien tincidunt. Cras eget enim eu velit imperdiet tincidunt vitae eget tortor. Sed sit amet venenatis magna, ac suscipit ex. Pellentesque sagittis augue magna, nec sodales mauris consectetur in. Integer nibh velit, efficitur ut eleifend eget, varius eu leo. Maecenas sollicitudin mauris ac ullamcorper sagittis. Ut interdum molestie auctor. Sed nec justo eget velit tincidunt placerat. Pellentesque porta hendrerit porttitor. Aenean blandit, arcu a cursus sodales, orci sem consequat purus, nec lobortis velit velit et odio. Quisque scelerisque hendrerit ex eu bibendum. Donec ligula dolor, sodales at urna ac, sagittis fringilla ligula. Ut quis ante a quam consectetur blandit vitae sed ex. ",2013-12-10 15:8:28,69,5
17,Titulo-17,"Proin fermentum turpis vel quam laoreet, vitae rhoncus sapien tincidunt. Cras eget enim eu velit imperdiet tincidunt vitae eget tortor. Sed sit amet venenatis magna, ac suscipit ex. Pellentesque sagittis augue magna, nec sodales mauris consectetur in. Integer nibh velit, efficitur ut eleifend eget, varius eu leo. Maecenas sollicitudin mauris ac ullamcorper sagittis. Ut interdum molestie auctor. Sed nec justo eget velit tincidunt placerat. Pellentesque porta hendrerit porttitor. Aenean blandit, arcu a cursus sodales, orci sem consequat purus, nec lobortis velit velit et odio. Quisque scelerisque hendrerit ex eu bibendum. Donec ligula dolor, sodales at urna ac, sagittis fringilla ligula. Ut quis ante a quam consectetur blandit vitae sed ex. ",2013-12-10 17:48:12,4,5
18,"Lorem ipsum dolor sit amet, consectetur adipiscing elit-18","Proin fermentum turpis vel quam laoreet, vitae rhoncus sapien tincidunt. Cras eget enim eu velit imperdiet tincidunt vitae eget tortor. Sed sit amet venenatis magna, ac suscipit ex. Pellentesque sagittis augue magna, nec sodales mauris consectetur in. Integer nibh velit, efficitur ut eleifend eget, varius eu leo. Maecenas sollicitudin mauris ac ullamcorper sagittis. Ut interdum molestie auctor. Sed nec justo eget velit tincidunt placerat. Pellentesque porta hendrerit porttitor. Aenean blandit, arcu a cursus sodales, orci sem consequat purus, nec lobortis velit velit et odio. Quisque scelerisque hendrerit ex eu bibendum. Donec ligula dolor, sodales at urna ac, sagittis fringilla ligula. Ut quis ante a quam consectetur blandit vitae sed ex. ",2013-12-10 16:36:38,459,4
19,Titulo-19,"Curabitur egestas mollis vehicula. Suspendisse ultrices ipsum urna, quis fermentum erat elementum ac. Suspendisse lacinia, sem a sagittis tincidunt, sem arcu eleifend erat, at convallis justo nibh nec ipsum. Praesent commodo dui sed mi rutrum gravida. Quisque ac blandit urna. Nullam tristique sapien ante, vitae fringilla nibh consequat ut.",2013-12-10 2:12:58,432,5
20,"Lorem ipsum dolor sit amet, consectetur adipiscing elit-20","Curabitur egestas mollis vehicula. Suspendisse ultrices ipsum urna, quis fermentum erat elementum ac. Suspendisse lacinia, sem a sagittis tincidunt, sem arcu eleifend erat, at convallis justo nibh nec ipsum. Praesent commodo dui sed mi rutrum gravida. Quisque ac blandit urna. Nullam tristique sapien ante, vitae fringilla nibh consequat ut.",2013-12-10 6:28:6,515,1
21,"Lorem ipsum dolor sit amet, consectetur adipiscing elit-21","Proin fermentum turpis vel quam laoreet, vitae rhoncus sapien tincidunt. Cras eget enim eu velit imperdiet tincidunt vitae eget tortor. Sed sit amet venenatis magna, ac suscipit ex. Pellentesque sagittis augue magna, nec sodales mauris consectetur in. Integer nibh velit, efficitur ut eleifend eget, varius eu leo. Maecenas sollicitudin mauris ac ullamcorper sagittis. Ut interdum molestie auctor. Sed nec justo eget velit tincidunt placerat. Pellentesque porta hendrerit porttitor. Aenean blandit, arcu a cursus sodales, orci sem consequat purus, nec lobortis velit velit et odio. Quisque scelerisque hendrerit ex eu bibendum. Donec ligula dolor, sodales at urna ac, sagittis fringilla ligula. Ut quis ante a quam consectetur blandit vitae sed ex. ",2013-12-10 12:9:35,434,2
22,"Lorem ipsum dolor sit amet, consectetur adipiscing elit-22","Proin fermentum turpis vel quam laoreet, vitae rhoncus sapien tincidunt. Cras eget enim eu velit imperdiet tincidunt vitae eget tortor. Sed sit amet venenatis magna, ac suscipit ex. Pellentesque sagittis augue magna, nec sodales mauris consectetur in. Integer nibh velit, efficitur ut eleifend eget, varius eu leo. Maecenas sollicitudin mauris ac ullamcorper sagittis. Ut interdum molestie auctor. Sed nec justo eget velit tincidunt placerat. Pellentesque porta hendrerit porttitor. Aenean blandit, arcu a cursus sodales, orci sem consequat purus, nec lobortis velit velit et odio. Quisque scelerisque hendrerit ex eu bibendum. Donec ligula dolor, sodales at urna ac, sagittis fringilla ligula. Ut quis ante a quam consectetur blandit vitae sed ex. ",2013-12-10 18:14:14,235,2
23,"Vivamus molestie felis eu orci ultricies, sit amet tempus nunc interdum. Pellentesque iaculis efficitur quam, ac vestibulum mauris hendrerit non-23","Proin fermentum turpis vel quam laoreet, vitae rhoncus sapien tincidunt. Cras eget enim eu velit imperdiet tincidunt vitae eget tortor. Sed sit amet venenatis magna, ac suscipit ex. Pellentesque sagittis augue magna, nec sodales mauris consectetur in. Integer nibh velit, efficitur ut eleifend eget, varius eu leo. Maecenas sollicitudin mauris ac ullamcorper sagittis. Ut interdum molestie auctor. Sed nec justo eget velit tincidunt placerat. Pellentesque porta hendrerit porttitor. Aenean blandit, arcu a cursus sodales, orci sem consequat purus, nec lobortis velit velit et odio. Quisque scelerisque hendrerit ex eu bibendum. Donec ligula dolor, sodales at urna ac, sagittis fringilla ligula. Ut quis ante a quam consectetur blandit vitae sed ex. ",2013-12-10 11:31:17,427,4
24,"Lorem ipsum dolor sit amet, consectetur adipiscing elit-24","Proin fermentum turpis vel quam laoreet, vitae rhoncus sapien tincidunt. Cras eget enim eu velit imperdiet tincidunt vitae eget tortor. Sed sit amet venenatis magna, ac suscipit ex. Pellentesque sagittis augue magna, nec sodales mauris consectetur in. Integer nibh velit, efficitur ut eleifend eget, varius eu leo. Maecenas sollicitudin mauris ac ullamcorper sagittis. Ut interdum molestie auctor. Sed nec justo eget velit tincidunt placerat. Pellentesque porta hendrerit porttitor. Aenean blandit, arcu a cursus sodales, orci sem consequat purus, nec lobortis velit velit et odio. Quisque scelerisque hendrerit ex eu bibendum. Donec ligula dolor, sodales at urna ac, sagittis fringilla ligula. Ut quis ante a quam consectetur blandit vitae sed ex. ",2013-12-10 7:34:52,291,4
25,"Lorem ipsum dolor sit amet, consectetur adipiscing elit-25","Proin fermentum turpis vel quam laoreet, vitae rhoncus sapien tincidunt. Cras eget enim eu velit imperdiet tincidunt vitae eget tortor. Sed sit amet venenatis magna, ac suscipit ex. Pellentesque sagittis augue magna, nec sodales mauris consectetur in. Integer nibh velit, efficitur ut eleifend eget, varius eu leo. Maecenas sollicitudin mauris ac ullamcorper sagittis. Ut interdum molestie auctor. Sed nec justo eget velit tincidunt placerat. Pellentesque porta hendrerit porttitor. Aenean blandit, arcu a cursus sodales, orci sem consequat purus, nec lobortis velit velit et odio. Quisque scelerisque hendrerit ex eu bibendum. Donec ligula dolor, sodales at urna ac, sagittis fringilla ligula. Ut quis ante a quam consectetur blandit vitae sed ex. ",2013-12-10 17:51:7,394,3
26,Titulo-26,"Proin fermentum turpis vel quam laoreet, vitae rhoncus sapien tincidunt. Cras eget enim eu velit imperdiet tincidunt vitae eget tortor. Sed sit amet venenatis magna, ac suscipit ex. Pellentesque sagittis augue magna, nec sodales mauris consectetur in. Integer nibh velit, efficitur ut eleifend eget, varius eu leo. Maecenas sollicitudin mauris ac ullamcorper sagittis. Ut interdum molestie auctor. Sed nec justo eget velit tincidunt placerat. Pellentesque porta hendrerit porttitor. Aenean blandit, arcu a cursus sodales, orci sem consequat purus, nec lobortis velit velit et odio. Quisque scelerisque hendrerit ex eu bibendum. Donec ligula dolor, sodales at urna ac, sagittis fringilla ligula. Ut quis ante a quam consectetur blandit vitae sed ex. ",2013-12-10 0:28:52,129,4
27,"Vivamus molestie felis eu orci ultricies, sit amet tempus nunc interdum. Pellentesque iaculis efficitur quam, ac vestibulum mauris hendrerit non-27","Curabitur egestas mollis vehicula. Suspendisse ultrices ipsum urna, quis fermentum erat elementum ac. Suspendisse lacinia, sem a sagittis tincidunt, sem arcu eleifend erat, at convallis justo nibh nec ipsum. Praesent commodo dui sed mi rutrum gravida. Quisque ac blandit urna. Nullam tristique sapien ante, vitae fringilla nibh consequat ut.",2013-12-10 3:43:58,274,1
28,"Vivamus molestie felis eu orci ultricies, sit amet tempus nunc interdum. Pellentesque iaculis efficitur quam, ac vestibulum mauris hendrerit non-28","Curabitur egestas mollis vehicula. Suspendisse ultrices ipsum urna, quis fermentum erat elementum ac. Suspendisse lacinia, sem a sagittis tincidunt, sem arcu eleifend erat, at convallis justo nibh nec ipsum. Praesent commodo dui sed mi rutrum gravida. Quisque ac blandit urna. Nullam tristique sapien ante, vitae fringilla nibh consequat ut.",2013-12-10 11:42:17,484,5
29,Titulo-29,"Proin fermentum turpis vel quam laoreet, vitae rhoncus sapien tincidunt. Cras eget enim eu velit imperdiet tincidunt vitae eget tortor. Sed sit amet venenatis magna, ac suscipit ex. Pellentesque sagittis augue magna, nec sodales mauris consectetur in. Integer nibh velit, efficitur ut eleifend eget, varius eu leo. Maecenas sollicitudin mauris ac ullamcorper sagittis. Ut interdum molestie auctor. Sed nec justo eget velit tincidunt placerat. Pellentesque porta hendrerit porttitor. Aenean blandit, arcu a cursus sodales, orci sem consequat purus, nec lobortis velit velit et odio. Quisque scelerisque hendrerit ex eu bibendum. Donec ligula dolor, sodales at urna ac, sagittis fringilla ligula. Ut quis ante a quam consectetur blandit vitae sed ex. ",2013-12-10 8:11:57,481,5
